{
  "project_info": {
    "project_number": "364151664200",
    "project_id": "fir-canteen-5c4c5",
    "storage_bucket": "fir-canteen-5c4c5.appspot.com"
  },
  "client": [
    {
      "client_info": {
        "mobilesdk_app_id": "1:364151664200:android:20391927b33b11c3faf27d",
        "android_client_info": {
          "package_name": "org.d3if2101.canteen"
        }
      },
      "oauth_client": [
        {
          "client_id": "364151664200-eoiq51egolg0pe25k1ipi9breng4opmu.apps.googleusercontent.com",
          "client_type": 1,
          "android_info": {
            "package_name": "org.d3if2101.canteen",
            "certificate_hash": "f30b61d656815138677852424b90ab01db05a38c"
          }
        },
        {
          "client_id": "364151664200-622dpke5q8tq9h7oo2r2e4fui08hsscp.apps.googleusercontent.com",
          "client_type": 3
        }
      ],
      "api_key": [
        {
          "current_key": "AIzaSyAQUX2I_gShv2pnaq1PqiD9s-5uakF6f8E"
        }
      ],
      "services": {
        "appinvite_service": {
          "other_platform_oauth_client": [
            {
              "client_id": "364151664200-622dpke5q8tq9h7oo2r2e4fui08hsscp.apps.googleusercontent.com",
              "client_type": 3
            }
          ]
        }
      }
    }
  ],
  "configuration_version": "1"
}